mysql> select * from address_book;
+-----------+----------+---------+--------+------------+--------------------+---------+--------------+
| firstName | lastName | address | city   | state      | email              | zipCode | phone_number |
+-----------+----------+---------+--------+------------+--------------------+---------+--------------+
| Sri       | Bhargav  | Mumbai  | Mumbai | Maharastra | Bharagav@gmail.com |  556856 |    123456788 |
| Srav      | Sunny    | Mncl    | Mncl   | Telanagana | sunny@gmail.com    |  556845 |    123456456 |
+-----------+----------+---------+--------+------------+--------------------+---------+--------------+
2 rows in set (0.00 sec)

mysql> select * from address_book order by lastName;
+-----------+----------+---------+--------+------------+--------------------+---------+--------------+
| firstName | lastName | address | city   | state      | email              | zipCode | phone_number |
+-----------+----------+---------+--------+------------+--------------------+---------+--------------+
| Sri       | Bhargav  | Mumbai  | Mumbai | Maharastra | Bharagav@gmail.com |  556856 |    123456788 |
| Srav      | Sunny    | Mncl    | Mncl   | Telanagana | sunny@gmail.com    |  556845 |    123456456 |
+-----------+----------+---------+--------+------------+--------------------+---------+--------------+
2 rows in set (0.08 sec)

mysql> select * from address_book order by firstName;
+-----------+----------+---------+--------+------------+--------------------+---------+--------------+
| firstName | lastName | address | city   | state      | email              | zipCode | phone_number |
+-----------+----------+---------+--------+------------+--------------------+---------+--------------+
| Srav      | Sunny    | Mncl    | Mncl   | Telanagana | sunny@gmail.com    |  556845 |    123456456 |
| Sri       | Bhargav  | Mumbai  | Mumbai | Maharastra | Bharagav@gmail.com |  556856 |    123456788 |
+-----------+----------+---------+--------+------------+--------------------+---------+--------------+
2 rows in set (0.00 sec)
mysql> select lastname,city from address_book order by city;
+----------+--------+
| lastname | city   |
+----------+--------+
| Sunny    | Mncl   |
| Bhargav  | Mumbai |
+----------+--------+
2 rows in set (0.37 sec)
